{
    "osDesktopBackground": "#DDDDDD",
    "osWindowBorder": "#000000",
    "osWindowBorderWidth": 1,
    "osWindowMinimumWidth": 100,
    "osWindowMinimumHeight": 75,
    "osWindowMaximumWidth": null,
    "osWindowMaximumHeight": null,
    "osWindowContentBackground": "#EEE",
    "osWindowContentPadding": 20,
    "osWindowContentLinespacing": 15,
    "osWindowContentFont": "14px Arial",
    "osWindowContentRenderOffset": 100,
    "osWindowOptionsBackground": "#DDDDDD",
    "osWindowOptionsBorder": "#000000",
    "osWindowOptionsBorderWidth": 0.1,
    "osWindowOptionsColor": "#000000",
    "osWindowOptionsHeight": 30,
    "osWindowOptionsPadding": 10,
    "osWindowOptionsTitleIconSeperation": 10,
    "osWindowScrollBackground": "#c9c9c9",
    "osWindowScrollFill": "8d8d8d",
    "osWindowScrollWidth": 20,
    "osWindowScrollAppearance": "auto",
    "osWindowResizeMargin": 5,
    "osWindowIconWidth": 23,
    "osWindowIconHeight": 23,
    "osApplicationIcon": "/core/os/default/assets/icons/filetypes/app.png"
}